subjid;age;sex;BMIzscore;obese;nafld
H_C_203;15.9;Male;-0.84;Lean;Control
H_C_204;16.4;Female;-0.17;Lean;Control
H_C_205;16;Female;-0.77;Lean;Control
H_C_206;16.5;Male;-2.37;Lean;Control
H_C_208;15.4;Female;-0.58;Lean;Control
H_C_209;15.1;Female;-1.4;Lean;Control
H_C_211;15.7;Male;-1.07;Lean;Control
H_C_212;15.6;Male;-0.33;Lean;Control
H_C_213;10.9;Female;-0.25;Lean;Control
H_C_214;9.6;Male;-2.3;Lean;Control
H_C_215;11.9;Female;-1.89;Lean;Control
H_C_216;11.4;Female;-0.21;Lean;Control
H_C_217;10.7;Male;-1.17;Lean;Control
H_C_218;12.9;Male;-0.21;Lean;Control
H_C_221;14.3;Female;-0.78;Lean;Control
H_C_223;9.6;Male;-1.75;Lean;Control
H_C_224;12.9;Female;0.19;Lean;Control
H_C_230;9.9;Female;0.8;Lean;Control
H_C_231;8.9;Male;-0.93;Lean;Control
H_C_232;13.8;Male;0.23;Lean;Control
H_C_234;10.4;Male;-0.2;Lean;Control
H_C_235;14.5;Female;-1.09;Lean;Control
H_C_236;8.7;Male;0.23;Lean;Control
H_C_237;10.1;Male;0.2;Lean;Control
H_C_238;15.8;Female;-0.57;Lean;Control
H_C_240;15.3;Male;-1.11;Lean;Control
H_C_243;16.6;Male;-1.91;Lean;Control
H_C_245;14;Male;-0.45;Lean;Control
H_C_248;10;Male;-0.19;Lean;Control
H_C_249;18.6;Male;0.85;Lean;Control
H_C_251;17.8;Male;0.17;Lean;Control
H_C_253;13.9;Male;-1.36;Lean;Control
H_C_254;17.7;Male;0.65;Lean;Control
H_C_255;14.9;Male;0.31;Lean;Control
H_C_256;13.5;Male;0.48;Lean;Control
H_C_257;16;Male;-0.56;Lean;Control
H_C_258;16.5;Male;-1.68;Lean;Control
H_C_259;9.8;Male;0.07;Lean;Control
H_O_111;16.3;Male;0.96;Lean;Control
H_C_220;12.1;Male;1.27;Obese;Control
H_C_233;13.1;Female;1.11;Obese;Control
H_C_239;15.8;Male;1.16;Obese;Control
H_C_246;16.1;Female;1.16;Obese;Control
H_O_013;17.1;Female;1.79;Obese;Control
H_O_161;11.9;Female;2.4;Obese;Control
H_O_207;17.6;Female;1.7;Obese;Control
H_O_210;16.4;Male;1.6;Obese;Control
H_O_219;10.6;Male;1.3;Obese;Control
H_O_222;6.6;Female;2.46;Obese;Control
H_O_225;8.7;Male;2.84;Obese;Control
H_O_226;16.8;Male;1.38;Obese;Control
H_O_228;9.5;Male;3.04;Obese;Control
H_O_229;13.6;Female;1.65;Obese;Control
H_O_241;8.3;Female;2.71;Obese;Control
H_O_242;16.2;Male;1.56;Obese;Control
H_O_244;17.1;Female;1.39;Obese;Control
H_O_247;15.1;Male;2.05;Obese;Control
H_O_250;15;Female;2.57;Obese;Control
H_O_252;15.7;Male;1.6;Obese;Control
H_O_260;8.6;Male;1.74;Obese;Control
H_O_261;9.1;Male;1.4;Obese;Control
H_N_024;10.6;Male;0.77;Lean;Case
H_N_051;11.9;Male;0.77;Lean;Case
H_N_057;17.4;Male;0.88;Lean;Case
H_N_096;10.4;Male;0.92;Lean;Case
H_N_101;10.3;Male;1;Lean;Case
H_N_125;9.6;Male;0.76;Lean;Case
S_N_1161;12.3;Male;0.9;Lean;Case
S_N_L2;10;Male;0.74;Lean;Case
S_N_L6;12.6;Male;0.99;Lean;Case
H_N_003;17.3;Male;3.54;Obese;Case
H_N_008;10.2;Male;1.74;Obese;Case
H_N_015;13.8;Male;4.91;Obese;Case
H_N_017;15.4;Male;3.99;Obese;Case
H_N_020;15.3;Female;2.58;Obese;Case
H_N_025;14.7;Female;2.31;Obese;Case
H_N_026;18;Male;5.94;Obese;Case
H_N_027;11.8;Male;1.48;Obese;Case
H_N_030;14;Male;3.16;Obese;Case
H_N_033;13.6;Female;2.47;Obese;Case
H_N_039;16.8;Male;2.29;Obese;Case
H_N_041;16.6;Male;1.98;Obese;Case
H_N_042;18.7;Female;2.93;Obese;Case
H_N_054;17.7;Male;3.08;Obese;Case
H_N_055;11.4;Male;2.16;Obese;Case
H_N_056;9.7;Male;1.91;Obese;Case
H_N_062;10.5;Male;2.28;Obese;Case
H_N_064;10.8;Male;1.12;Obese;Case
H_N_065;18.4;Female;1.38;Obese;Case
H_N_066;11.4;Male;2.04;Obese;Case
H_N_068;11.8;Male;1.09;Obese;Case
H_N_070;18.9;Female;1.96;Obese;Case
H_N_071;10.8;Male;1.38;Obese;Case
H_N_072;14.3;Male;2.96;Obese;Case
H_N_073;15.1;Male;4.3;Obese;Case
H_N_076;10.9;Male;3.7;Obese;Case
H_N_077;14.4;Male;3.5;Obese;Case
H_N_078;15.4;Male;5.01;Obese;Case
H_N_079;11.2;Male;1.46;Obese;Case
H_N_080;12.5;Male;2.3;Obese;Case
H_N_081;8.1;Male;3.55;Obese;Case
H_N_082;11.1;Male;3.07;Obese;Case
H_N_083;13.3;Male;2.55;Obese;Case
H_N_084;16.2;Male;2.42;Obese;Case
H_N_085;12.3;Male;1.39;Obese;Case
H_N_086;17.9;Male;4.31;Obese;Case
H_N_087;12.5;Male;2.91;Obese;Case
H_N_088;13.3;Male;2.37;Obese;Case
H_N_089;6.4;Male;4.41;Obese;Case
H_N_090;9.5;Male;1.28;Obese;Case
H_N_092;12;Male;2.02;Obese;Case
H_N_093;16.8;Female;1.18;Obese;Case
H_N_094;10.2;Male;3.49;Obese;Case
H_N_095K;9;Female;1.49;Obese;Case
H_N_095Y;17.8;Male;2.02;Obese;Case
H_N_097;15.3;Male;1.39;Obese;Case
H_N_098;9.8;Male;2.34;Obese;Case
H_N_099;9.9;Male;1.78;Obese;Case
H_N_100;10;Male;2.7;Obese;Case
H_N_102;6.4;Male;3.44;Obese;Case
H_N_103;15;Female;3.32;Obese;Case
